Workbook

Sheet Лист1
A1: 3 | B1: 4 | C1: 5 | D1: 7 | E1: 1 | F1: 2
A2: 7 | B2: 5 | C2: 7 | D2: 4 | E2: 0 | F2: 9
A3: 3 | B3: 6 | C3: 4 | D3: 8 | E3: 6 | F3: 5
A4: 4 | B4: 5 | C4: 8 | D4: 9 | E4: 6 | F4: 0
A5: =MIN(A$1:A$4) -> 3 | B5: =MIN(B$1:B$4) -> 4 | C5: =MIN(C$1:C$4) -> 4 | D5: =MIN(D$1:D$4) -> 4 | E5: =MIN(E$1:E$4) -> 0 | F5: =MIN(F$1:F$4) -> 0
A7: =MIN(A$1:A$4) -> 3 | B7: =MIN(B$1:B$4) -> 4 | C7: =MIN(C$1:C$4) -> 4 | D7: =MIN(D$1:D$4) -> 4 | E7: =MIN(E$1:E$4) -> 0 | F7: =MIN(F$1:F$4) -> 0
A10: =MAX(A$1:A$4) -> 7 | B10: =MAX(B$1:B$4) -> 6 | C10: =MAX(C$1:C$4) -> 8 | D10: =MAX(D$1:D$4) -> 9 | E10: =MAX(E$1:E$4) -> 6 | F10: =MAX(F$1:F$4) -> 9
A20: =MIN(A$1:A$4) -> 3 | B20: =MIN(B$1:B$4) -> 4 | C20: =MIN(C$1:C$4) -> 4 | D20: =MIN(D$1:D$4) -> 4 | E20: =MIN(E$1:E$4) -> 0 | F20: =MIN(F$1:F$4) -> 0

Sheet Лист2
A1: вычислить на основании Листа 1 | B1: результат
A2: (A3+B2)*C4*(F1-E1) | B2: =('Лист1'!A3+'Лист1'!B2)*'Лист1'!C4*('Лист1'!F1-'Лист1'!E1) -> 64 | H2: =('Лист1'!A3+'Лист1'!B2)*'Лист1'!C4*('Лист1'!F1-'Лист1'!E1) -> 64
A3: С3*(E1+F3)*($A4-A3) | B3: ='Лист1'!C3*('Лист1'!E1+'Лист1'!F3)*('Лист1'!$A4-'Лист1'!A3) -> 24
H5: ='Лист1'!C3*('Лист1'!E1+'Лист1'!F3)*('Лист1'!$A4-'Лист1'!A3) -> 24

Sheet Лист3
A1: вычислить на основании листа 1 | B1: результат
A2: СУММ(A2:B2;E2:F2) | B2: =SUM('Лист1'!A2:B2, 'Лист1'!E2:F2) -> 21 | H2: =SUM('Лист1'!A2:B2, 'Лист1'!E2:F2) -> 21
A3: СУММ($A$2:$B$2;E2:F2) | B3: =SUM('Лист1'!$A$2:$B$2, 'Лист1'!E2:F2) -> 21
H5: =SUM('Лист1'!$A$2:$B$2, 'Лист1'!E2:F2) -> 21

Sheet Лист4
A1: 39448 | B1: =A1+30 -> 39478 | F1: 39558 | G1: =F1+21 -> 39579

Sheet Лист5
